"","Tauro-a-Muricholic acid","Tauroursodeoxycholic acid","Taurocholic acid","Glycoursodeoxycholic acid","Glycohyodeoxycholic acid","Glycocholic acid","Taurochenodeoxycholic acid","Taurodeoxycholic acid","Cholic acid","Ursodeoxycholic acid","Glycochenodeoxycholic acid","Glycodeoxycholic acid","Taurolithocholic acid","Chenodeoxycholic acid","Deoxycholic acid","Glycolithocholic acid","Lithocholic acid","Tyrosocholic acid","Phenylalanocholic acid","Leucholic acid","Ala-triHydroxylated BA","Arg-dihydroxylated BA","Arg-triHydroxylated BA","Asn-dihydroxylated BA 1","Asn-dihydroxylated BA 2","Asn-triHydroxylated BA","Cys-dihydroxylated BA","Cys-triHydroxylated BA","Gln-dihydroxylated BA","Gln-triHydroxylated BA","Glu-dihydroxylated BA","Glu-triHydroxylated BA","His-triHydroxylated BA","Lys-dihydroxylated BA","Lys-triHydroxylated BA","Met-triHydroxylated BA","Phe-dihydroxylated BA","Ser-dihydroxylated BA","Ser-triHydroxylated BA","Trp-triHydroxylated BA","Tyr-dihydroxylated BA"
"1",1013.44,9795.87,393713.69,12548.5,85.46,505146.5,185392.13,172053.92,560122.18,7456.49,238671.67,167097.03,4692.61,177136.58,210370.79,149.4,55.69,560.24,129.64,18.67,143.83,4798.69,1375.22,291.78,0.01,297.38,389.49,201.34,28.82,0.01,0,0.01,0.01,348.72,497.24,0.01,32.04,1024,744.18,0.01,289.05
"2",139.66,249.48,5538.62,82.65,7.43,3739.39,762.83,530.57,554622.53,4795.97,1456.51,476.59,7.63,81810.52,44651.95,0.08,9361.49,690.64,440.4,41.88,0.01,58.65,333.47,29.31,0.01,229.28,0.01,27.74,9.28,0.01,726.8,292.82,47.62,104.82,364.79,13.25,9.81,79.31,225.15,19.47,65.66
"3",889.33,11184.31,661644.75,51287.67,36.93,1772805.2,420614.6,343210.92,24625.18,211.16,1875856.52,1240580.47,9762.51,5869.91,5249.52,211.88,107.8,0.77,0.47,0.13,36.55,0,0,77.46,0.01,87.28,291.84,122.07,6.93,0.01,0,0.01,0.01,0.01,0,0.01,0.01,649.72,410.97,0.01,0.01
"4",6.66,0.09,8.44,0.04,0.12,7.67,2.74,0.61,2038.26,304.12,7.16,2.18,4.89,181.6,628.34,0.12,463.55,7.71,0.65,0.07,0.01,0,0,0.01,0.01,0,17.21,0.01,0,0.01,0,0.01,0.01,0.01,4.68,0.01,0.01,0,0,0.01,0.01
"5",566.29,5135.38,232156.84,19930.98,62.17,503966.13,110431.88,101546.39,138638.89,1488.71,280923.93,258867.94,2323.48,54079.26,50297.13,45.54,0.03,119.63,6.94,0.24,0.01,624.28,159.65,98.45,0.01,176.49,105.69,37.27,28.39,0.01,14.61,0.01,0.01,154.3,43.81,0.01,5.01,254.69,154.72,0.01,64.22
"6",11.96,1.87,286.96,5.21,6.97,250.67,102.21,44.57,53606.16,867.59,291.25,57.74,0.07,20064.62,8509.58,0.09,325.37,27.32,5.62,0.3,0.01,0,0,0.01,0.01,11.25,0.01,0.01,0,0.01,140.07,18.3,3.78,3.91,0,11.32,0.01,0,13.76,0.01,0.01
"7",49.03,173.33,11703.42,403.8,3.37,17435.97,4372.44,2414.21,414532.4,5418.45,16360.44,4049.88,49.73,71703.77,40082.76,15.68,442.51,580.5,394.55,50.12,0.01,139.98,0,70.28,0.01,351.38,16.44,0.01,0,0.01,221.83,199.34,32.01,119.31,376.54,10.63,19.88,237.29,236.7,0.01,65.71
"8",18.76,132.36,9036.64,191.22,5.56,12161.88,2873.33,1266.55,849584.45,5089.68,6634.89,2315.37,7.88,167886.89,67238.27,11.79,835.32,1873.41,1023.37,155.36,0.01,396.93,133.28,195.35,0.01,424.04,0.01,95.89,41.04,6.16,588.82,203.52,104.9,107.11,242,103.18,243.8,297.95,520.3,155.07,368.55
"9",0.26,11.34,6.89,0.23,0.67,46.44,0.1,0.04,11844.39,12074.64,15.84,5.28,0.08,735.08,174780.34,0.09,1805.71,0.29,46.05,19.24,0.01,0,0,0.01,7.62,12.6,0.01,0.01,6.24,0.01,777.44,81.62,0.01,0.01,0,79.95,46.29,0,0,6.17,9.12
"10",847.56,12833.57,431471.58,39104.76,24.79,857494.92,198719.13,81141.84,125482.07,1881.98,539532.53,163938.07,1843.11,41513.8,27187.26,6.99,7357.33,93.7,72.58,9.92,61.32,0,123.02,31.78,112.24,135.12,150.62,47.3,183.2,0.01,28.03,0.01,0.01,32.57,167.7,19.97,0.01,283.63,256.62,0.01,37.96
"11",15.19,19.01,1362.37,13.76,10.62,1201.36,169.34,109.65,251842.53,1709.57,238.38,110.98,0.56,21745.98,12625,0.16,0.03,284.2,112.01,7.13,0.01,0,0,0.01,0.01,125.95,0.01,14.78,0,0.01,838.18,364.78,0.01,0.01,113.99,31.92,0.01,142.37,66.44,0.01,0.01
"12",62.56,47.64,651.12,28.15,0.07,237.46,84.86,61.34,140858.76,6852,83.69,49.91,0.05,16427.84,14836.85,0.01,169.02,160.11,61.26,7.64,0.01,4.77,0,0.01,0.01,46.95,4.68,0.01,87.79,36.98,669.67,188.32,4.22,27.75,37.18,16.11,14.08,67.83,23.6,0.01,37.84
"13",872.59,12064.4,605619.38,48077.22,71.82,1663695.34,380722.35,306512.63,4153.59,151.5,1716491.74,1145247.77,9152.48,1912.45,1123.62,277.15,4469.11,0.41,0.33,0.79,126.14,0,0,118.33,0.01,127.91,442.16,174.47,0,0.01,0,0.01,0.01,0.01,0,0.01,0.01,1053.54,759.86,0.01,0.01
"14",605.73,7096.96,406826.62,30836.3,18.54,1041688.25,225387.45,190763.84,43144.89,443.67,984454.59,707226.26,4251.4,25914.95,18296.22,285.72,9582.26,13.99,0.24,0.61,0.01,324.01,54.69,133.56,0.01,131.03,130.94,39.95,0,0.01,0,0.01,0.01,0.01,0,0.01,0.01,352.73,241.84,0.01,0.01
"15",29.35,22.34,2873.12,64.5,37.9,3162.06,315.55,199.43,326578.8,1215.08,1220.92,604.94,0.1,29592.61,33926.46,1.66,5511.14,157.61,41.46,0.88,0.01,31.77,78.1,88.45,0.01,117.24,0.01,0.01,25.48,0.01,25.64,0.01,0.01,0.01,13.85,0.01,0.01,70.66,106.8,0.01,6.97
"16",10.56,14.26,10.65,144.29,97.51,3882.51,0.33,0.04,609819.42,8316.58,6028.57,2798.78,0.05,193781.34,204245.5,16.43,1205.63,179.34,96.76,0.84,31.55,186.24,63.75,139.26,32.13,176.33,0.01,0.01,298.78,29.06,273.01,51.5,10.72,78.52,150.3,12.6,8.59,250.69,194.56,0.01,96.88
"17",1199.41,620.49,609.62,700.23,436.33,438,157.01,1034.41,606772.23,3628.33,2625.77,2895.45,952.84,114287.66,127021.18,0.09,294.23,712.35,583.74,244.55,12.45,76.34,160.1,304.38,13.58,335.06,14.41,0.01,192.92,62.81,151.77,37.32,104.9,249.56,479.26,0.01,180.46,517.04,380.68,145.63,244.68
"18",86.26,772.28,43166.69,728.99,3.76,42899.8,9536.79,3700.1,639.85,719.15,6809.16,1524.02,21.81,0.02,6.11,6.32,0.05,0.4,0.73,0.78,178.22,0,0,0.01,0.01,6.5,0.01,0.01,0,0.01,0,0.01,0.01,0.01,0,0.01,0.01,0,0,0.01,0.01
"19",2.21,18.94,2661.76,21.12,0.14,2742.56,157.91,91.11,238163.66,1320.56,202.47,115.68,0.08,18774.28,10320.15,0.01,0.04,437.93,223.09,24.39,0.01,138.15,111.52,18.82,0.01,163.89,47.23,45.16,26.87,19.34,89.48,140.09,62.06,17.46,107.63,54.27,0.01,0,189.42,22.69,8.87
"20",10.12,29.57,3202.82,44.07,1.35,6077.3,233.6,227.5,489879.87,1700.94,799.28,363.57,5.62,23380.97,17141.79,0.07,0.06,697.14,464.77,46.03,0.01,139.25,92.81,127.51,0.01,419.44,41.41,0.01,0,0.01,98.02,29.18,34.33,49.92,168.16,24.46,13.76,69.43,274.91,92.63,38.25
"21",7.58,0.09,120.25,91.29,2.48,5809.42,13.06,10.2,520396.69,4199.21,1325.28,782.63,0.02,73182.22,40971.1,0.33,405.93,1167.22,685.41,68.9,0.01,130.64,18.83,135.61,0.01,634.89,5.76,0.01,0,0.01,161.38,119.86,70.47,60.3,340.46,11.83,23.27,111.75,361.3,263.39,127.68
"22",6.48,44.12,2815.2,44.57,0.06,2052.4,178.34,115.7,289299.86,4552.29,266,125.27,0.51,30220.04,20033.9,0.28,0.02,420.71,273.07,154.64,16,73.81,25.37,8.83,0.01,165.87,7.26,0.01,0,7.1,251.2,688.31,113.16,73.67,321.72,71.48,11.32,198.31,138,73.26,7.79
"23",962.32,4260.23,373532.81,7576,46.58,375515.27,131617.13,136232.45,173323.45,1484.19,40260.79,88097.37,3266.28,60451.99,52580.06,71.95,0.07,56.88,5.73,0.56,57.04,971.45,187.97,186.54,17.84,306.93,84.37,55,64.69,0.01,21.32,0.01,0.01,75.07,16.97,0.01,0.01,463.45,347.19,0.01,25.35
"24",588.11,8035.32,392280.42,4948.4,4.17,318267.3,148778.13,135818.32,84345.47,872.41,7196.39,22142.72,1560.25,18116.22,24295.6,13.41,918.4,114.45,71.08,0.21,78.76,18.53,107.53,184.27,0.01,256.74,129.47,46.93,24.72,0.01,0,0.01,5.21,16.9,122.6,0.01,5.89,470.71,459.22,0.01,33.13
"25",2142.69,10748.78,478836.98,18204.54,44.09,648010.68,101898,125418.29,118281.38,2184.12,43561.72,84929.92,1378.13,27277.93,40889.07,24.13,580.96,67.54,102.47,5.18,130.53,57.18,227.51,109.63,0.01,383.89,183.36,33.92,0,0.01,18.5,0.01,6.99,73.04,82.03,0.01,21.55,612.85,690.4,0.01,76.3
"26",1894.13,6267.13,330605.32,14920.06,24.44,541899.41,64903.2,81478.92,54391.72,930.78,31148.02,50262.06,1592.15,15777.14,23755.71,7.98,263.06,81.44,21.72,0.13,85.35,863.5,204.71,144.65,64.2,320.49,152.12,124.57,200.91,0.01,32.29,0.01,0.01,121.45,47.11,0.01,13.93,500.53,595.07,0.01,37.44
"27",791.4,4701.22,461428.62,4311.23,79.07,206884.63,115828.17,181573.67,305140.63,3484.52,53933.19,118149.24,8388.27,132427.25,99236.42,378.29,0.1,219.72,79.49,0.35,171.98,1916.05,889.43,219.41,63.86,195.88,138,68.46,347.39,0.01,118.75,6,0.01,56.21,140.2,10.07,16.07,1220.77,1003.77,0.01,130.71
"28",1027.97,4235.23,620432.09,1.24,0.19,107.13,74891.27,176067.22,673108.6,30981.81,88.68,35.88,3449.27,153608.76,473116.23,5.87,10800.86,149.82,159.58,15.97,131.27,97.21,47.41,30.45,318.78,38.59,68.59,11.28,280.29,50.05,483.06,253.87,0.01,402.68,407.22,256.22,50.14,538.55,402.74,0.01,133.55
"29",6.66,32.51,2817.09,0.2,0.24,26.55,236.43,602.18,401727.21,7661.82,4.25,3.6,12.03,106319.62,131175.65,0.06,2085.38,135.32,122.44,45.92,5.91,117.64,0,0.01,104.75,0,7.21,0.01,249.44,37.41,268.32,51.64,0.01,134.33,155.77,76.33,0.01,72.3,94.86,0.01,93.5
"30",2227.17,10627.36,418135.77,51053.93,54.96,1693737.77,273085.56,70830.36,1897.02,56.68,1458046.35,377389.77,2722,2527.35,456.32,553.52,12186.29,6.65,0.6,0.47,532.91,0,0,22.31,16.44,106.45,605.89,384.35,33.72,0.01,0,0.01,0.01,0.01,0,0.01,0.01,1352.37,2605.41,0.01,0.01
"31",173.11,283.3,9818.34,271.44,62.46,13110.01,2976.87,1248.84,812851.72,9811.6,10031.16,2448.47,32.65,121051.08,57919.02,16.03,2263.58,1848.48,1336.89,438.64,124.44,0,165.17,133.63,116.32,304.56,593.97,28.93,497.91,173.66,593.93,209.01,764.83,953.11,1412.15,18.44,182.17,846.04,1549.18,79.9,373.48
"32",21.57,22.45,3840.05,51.34,44.21,5649.45,192.2,142.01,425755.62,2160.35,918.13,299.85,4.92,18138.74,10242.74,1.27,7465.6,787.8,961.56,488.54,0.01,150.63,7.36,13.26,13.72,84.95,209.99,0.01,48.97,68.77,19.43,0.01,178.24,49.72,22.95,0.01,0.01,27.92,194.57,270.87,59.66
"33",1235.65,7072.84,232648.02,3257.29,9.05,93163.88,180152.47,43774.14,410283.11,6342.97,87630.7,24053.22,1613.83,113177.78,46636.02,90.34,280.8,4477.92,5178.92,2749.63,1316.88,8003.44,3584.96,171.41,72.05,258.84,597.42,408.12,354.72,379.83,18.44,10.73,754.93,1142.68,1410.56,29.71,274.38,1593.49,3839.98,781.77,1067.81
"34",20.07,0.09,130.28,542.16,70.26,52944.07,26.78,16.69,429807.19,7227.74,5893.01,1845.67,4.45,161701.26,62428.56,19.1,799.34,153.86,1021.17,26.58,471.73,0,30.97,29.56,0.01,111.05,47.21,118.39,16.75,0.01,0,0.01,331.59,0.01,0,0.01,296.79,643.66,1152.32,0.01,159.38
"35",52.02,319.7,22999.57,2544.69,80.41,50312.13,7958.8,3186.62,1747890.1,27020.77,63866.31,15498.88,97.83,770041.62,279333.85,458.24,2439.73,4955.52,3123.51,448.86,0.01,3695.64,381.85,514.03,115.65,770.43,11.21,7.8,260.75,95.34,141.14,131.6,732.48,1254.9,1258.88,41.57,680.61,1324.51,2368.37,791.16,1403.46
"36",76.28,265.88,32090.54,357.62,20.03,36364.87,4839.52,2216.14,1595769.63,8935.63,15261.36,4291.33,17.6,266649.62,113762.07,18.02,510.57,3879.8,3565.53,1386.17,26.97,489.28,107.44,280.3,77.84,1002.9,8.19,0.01,424.23,411,452.9,666.51,569.25,1625.19,3809.75,157.08,337.24,1063.01,615.66,658.88,656.39
"37",230.34,1698.93,44701.82,1875.62,47.72,55036.43,24394.94,10286.36,1895681.95,23997.45,78925.55,16484.16,338.75,737107.18,284518.28,203.98,2497.85,8557.96,4815.12,1612.33,7.87,4619.85,2869.61,693.36,176.59,947.67,442.93,27.2,480.84,199.25,345.1,334.7,952.19,3253.97,4333.83,171.4,930.8,1018.09,1933.9,1441.15,3041
"38",2782.18,10088.36,514591.12,43581.89,3.28,1683508.74,324876.18,77497.4,69540.01,311.3,921773.69,335592,5453.98,29218.23,7812.19,96.04,214.01,35.69,11.47,0.22,471.32,285.56,0,48.51,20.97,132.77,374.92,293.66,7.17,0.01,0,0.01,0.01,0.01,0,0.01,0.01,894.27,1275.47,0.01,5.91
"39",2872.34,14431.39,509383.68,42087.44,61.87,1403840.21,327002.5,80151,150569.47,1560.09,620637.04,243823.04,5252.82,56397.21,17124.5,100.53,521.09,327.84,223.25,6.94,851.85,546.13,238.13,73.11,15.45,233.12,642.7,529.08,27.7,0.01,0,0.01,0.01,9.54,56.68,23.72,16.3,1376.51,3450.38,74.93,20.76
"40",0.98,55.67,1752.64,57.79,10.51,1868.85,415.09,227.47,149436.76,1869.37,1026.34,283.01,0.02,24885.41,12858.12,1.09,10519.13,285.92,237.19,6.94,0.01,0,4.83,11.71,0.01,33.61,0.01,0.01,0,9.21,17.8,33.35,81.99,5.83,12.51,0.01,9.48,65.03,328.71,0.01,12.74
"41",184.41,605.8,16979.64,815.41,46.47,20745,5037.76,3016.68,1331886.59,20792.84,16898.92,4885.1,92.66,331344.6,169792.27,64.55,1028.96,10507.76,5967.5,2855.27,5,308.63,464.36,465.84,249.35,580.95,2.08,8.58,376.32,307.06,380.78,258.46,1459.16,1789.17,2994.79,66.29,1193.33,1329.77,2436.19,1112.24,2342.27
"42",4460,19720.35,786362.52,102992.06,101.96,2252985.88,583440.76,141518.83,85920.54,1322.58,1862157.98,888857.19,5670.99,32520.96,10349.67,1017.73,331.71,78.89,0.61,0.89,777.88,81.47,28.77,31.08,41.84,111.92,922.19,539.14,111.58,8.92,0,0.01,0.01,0.01,0,6.98,0.01,1636.92,2858.19,0.01,0.01
"43",5455.06,20253.41,99589.72,15167.71,81.78,422078.64,72174.13,18028.94,2328.82,783.98,486336.64,121040.15,7732.08,643.49,158.13,1825.47,12230.15,0.24,0.44,0.09,1251.32,0,0,31.43,9.75,119.24,1167.07,656.11,85.09,13.97,0,0.01,0.01,0.01,0,20.64,0.01,1808.17,3643.61,0.01,0.01
"44",1667.48,8787.28,42817.9,5509.39,5.08,93639.99,29060.35,5090.97,637512,7594.2,36463.59,14062.15,583.93,176098.54,61489.58,21.63,451.4,3215.55,1377.21,326.61,47.53,374.6,7.71,23.05,42.88,96.87,135.04,76.63,86.56,13.34,19.32,17.6,28.39,157.88,427.48,6.93,10.13,933.88,1067.62,60.95,826.85
"45",46.2,16.3,4683.03,12.2,0.38,1179.27,242.67,174.31,250720.78,1223.58,296.71,111.72,0.06,27754.77,17088.21,0.01,402.67,83.3,6.27,0.35,0.01,12.85,23.44,77.73,13.79,180.88,25.26,0.01,89.21,4.68,55.94,4.93,0.01,0.01,0,0.01,0.01,31.35,117.66,0.01,0.01
"46",40.53,19.24,6589.62,12.72,0.48,1644.63,307.67,238.67,309285.95,1105.09,364.03,136.26,2.7,29672.38,17642.61,0.01,7132.76,244.91,44.93,0.56,0.01,114.89,22.93,106.99,31.76,266.65,241.68,0.01,233.24,57.35,191.73,120.43,0.01,4.05,49.03,0.01,0.01,21,110.3,0.01,7.36
"47",225.89,11.32,9578.97,32.54,0.03,4552.26,946.35,1375.5,520841.01,6006.94,2885.32,907.3,12.98,103237.58,57692.02,0.02,0.08,968.81,621.31,191.54,4.88,0,0,75.43,34.8,245.02,16.73,0.01,142.86,113.05,115.89,269.09,307.4,98.73,183.5,39.35,40.93,282.13,32.87,144.86,180.77
"48",27.8,61.4,9458.74,109.77,0.96,5335.66,771.12,614.22,739136.73,4073.48,2581.82,969.52,7.98,111288.97,65694.07,5.63,264.05,656.63,282.41,0.95,13.48,0,0,216.57,99.37,410.71,9.85,0.01,450.51,91.5,294.33,91.38,70.9,126.32,333.71,14.57,25.01,232.96,231.6,0.01,124.61
"49",13.13,41.76,740.14,0.3,0.08,43.02,206.11,203.3,85813.63,5208.67,29.52,24.98,0.99,34541.27,33754.36,0.08,647.92,429.11,315.82,86.9,0.01,40.48,0,0.01,27.03,0,84.3,0.01,40.21,85.69,250.8,111.56,127.16,53.63,118.12,93.1,30.34,84.51,0,0.01,101.11
"50",0.29,10.2,2662.53,14.22,0.01,1642.06,139.39,104.37,281225.15,1586.95,326.47,133.03,9.77,26725.87,16746.69,0.01,10988.3,239.09,56.92,0.68,0.01,15.96,8.27,0.01,0.01,64.39,155.38,6.47,10.52,10.98,25.56,27.77,0.01,0.01,0,0.01,0.01,13.86,231.19,0.01,0.01
"51",0.41,0,6.81,0.42,2.77,17.78,2.31,0.95,245602.92,8377.06,21.21,7.43,7.63,71290.4,61715.23,0.47,2301.23,33.35,93.88,29.17,0.01,0,0,0.01,12.52,0,6.79,0.01,7.93,0.01,99.99,11.16,0.01,0.01,0,17.84,15.81,6.29,6.28,0.01,11.71
"52",0.02,3.95,1.51,0.15,0.05,16.13,0.04,7.84,44011.19,4434.49,307.83,10.84,4.87,10461.59,31456.36,0.07,852.06,175.56,104.37,10.62,0.01,0,0,0.01,54.72,0,10.32,9.69,145.7,95.84,583.14,273.06,31.5,13.42,11.32,7.39,0.01,0,0,0.01,124.58
"53",20.49,18.96,2727.1,27.76,1.1,1403.96,257.47,191.07,292551.99,1566.39,533.04,248.81,4.55,26899.78,20668.52,0.08,957.97,262.64,32.95,0.16,0.01,0,0,28.15,18.46,55.63,165.21,0.01,104.87,24.68,47.86,41.94,0.01,0.01,0,6.91,0.01,55.89,196.65,0.01,6.2
"54",1004.38,1739.09,59198.62,41.13,3.06,315.49,1593.48,2318.44,377445.34,25275.24,32.66,68.61,39.47,123618.67,101690.6,0.83,2124.91,136.01,134.69,19,54.21,0,17.66,0.01,136.76,47.53,37.31,13.94,256.31,14.97,369.92,106.41,17.82,14.75,5.77,75.31,5.9,220.5,199.14,5.66,102.4
"55",0.07,10.97,933.19,12.9,1.12,556.07,75.34,60.31,245417.77,2430.63,204.34,98.37,0.04,22449.84,17393.27,0.02,249.02,339.52,86.08,0.26,0.01,65.63,0,0.01,85.47,12,76.74,0.01,487.11,225.26,256.87,99.06,0.01,6.08,5.05,11.79,0.01,96.2,10.02,0.01,8.41
"56",16.67,53.97,5731.62,69.47,0.14,2546.74,818.52,544.94,321023.9,3368.58,2157.39,736.19,10.47,75141.16,47026.96,2.25,387.08,1017.76,334.14,6.51,5.23,63.31,40.31,27.81,64.18,87.84,8.1,0.01,273.2,41.43,142.05,25.14,24.05,0.01,0,29.33,18.92,174.92,360.92,134.81,131.12
"57",0.29,0.02,5.76,0.08,0.39,18.76,0.16,7.1,294646.14,7420.12,11.48,6.82,0,110349.46,87517.72,0.02,1398.13,291.39,240.24,16.4,0.01,0,0,0.01,103.08,15.94,67.56,0.01,313.68,52.99,213.52,9.05,0.01,0.01,0,126.45,12.4,76.47,10.56,24.46,113.77
"58",0.26,0.09,222.16,375.73,7.74,6746.62,27.28,17.94,1112387.5,23727.36,14941.12,4974.85,0.04,621263.7,337625.07,165.88,5923.25,465.51,436.41,8.16,51.13,80.91,138.36,136.58,235.16,182.65,72.44,61.25,648.22,76.3,655.7,79.67,72.92,68.5,25.47,34.9,173.19,327.99,349.73,580.67,273.31
"59",34.54,262.6,9270.53,249.86,2.52,6694.46,2585.79,674.87,600622.83,12424.75,7078.73,1747.71,22.7,266786.99,161285.84,24.46,2634.02,47.2,362.39,4.99,4.38,0,9.52,10.69,26.75,12.88,14.83,0.01,212.46,25.41,244.3,62.85,10.85,9.08,37.64,22.35,30.34,81.69,20.33,135.55,17.73
"60",583.33,9794.61,553944.43,3633.35,42.78,77187.82,243640.84,100287.84,1156234.9,15553.72,37351.68,23973.3,2646.36,340998.31,119017.66,371.85,246.89,1140.58,375.64,34.61,110.92,4374.1,3183.5,102.16,34.74,676.12,178.88,78.73,55.99,31.55,135.22,80.24,32.5,357.13,1412.34,0.01,65.78,432.3,717.74,0.01,275.61
"61",317.88,506.84,211180.44,274.85,15.89,5769.49,2745.27,13178.18,545990.28,1782.84,1345.43,601.91,146.6,29473.04,14175.21,21.34,3662.19,399.62,184.96,24.06,10.73,387.4,791.59,0.01,14.48,271.68,0.01,0.01,16.82,28.11,34.68,35.22,0.01,14.05,283.51,0.01,20.27,68.83,251.98,0.01,16.23
"62",498.71,6369.79,397911.52,1033.55,10.43,37570.81,87235.07,56662.04,1027600.58,12454.05,12545.34,6338.17,1197.69,255089.83,92900.66,81.05,190.55,1853.58,842.18,207.55,114.86,1213.49,3904.81,0.01,58.63,317.34,140.97,20.31,147.48,114.87,139.22,150.55,158.27,700.34,2944.81,0.01,87.89,490.67,681.72,125.58,292.28
"63",50.05,30.52,606.89,9.31,0.49,151.92,205.73,133.34,140929.73,5674.02,174.79,62.75,0.66,44833.78,31925.8,0.09,0.06,129.77,100.97,32.76,0.01,0,14.78,0.01,10.14,17.79,16.77,0.01,0,15.38,298.81,195.59,0.01,27.48,56.51,0.01,6.25,9.63,0,14.28,16.18
"64",45.49,61.49,792.61,9.92,12.06,119.01,210.03,163.79,157918.59,9663.38,106.84,54.6,0.01,38007.83,32399.76,0.05,164.57,96.25,81.19,28.92,6.47,13.08,11.31,0.01,0.01,0,0.01,0.01,0,0.01,397.28,181.9,0.01,0.01,0,0.01,4.18,27.52,0,0.01,7.76
"65",104.46,80.49,747.16,3.11,0.03,37.59,66.77,429.14,113167.58,12558.9,7.79,22.85,14.15,7572.05,54696.8,0.01,1126.38,42.61,295.2,164.79,17.94,92.7,35.01,0.01,111.08,136.13,8.01,0.01,147.41,100.61,758.36,282.06,67.66,13.98,23.74,25.61,17.15,6.27,0,17.8,19.05
"66",73.88,23.93,598.69,44.23,0.09,489.98,190.07,191.18,67093.65,3680.8,518.18,234.44,6.43,17074.88,26678.55,0.9,43.53,0.25,0.29,0.07,7.01,25.89,0,0.01,31.78,0,8.55,0.01,12.09,18.08,425.38,81.22,0.01,0.01,0,0.01,0.01,0,0,0.01,19.1
"67",259.97,6416.98,447100.75,42855.25,19.9,1066714.62,280260.35,85647.94,984.94,0.1,1424414.56,350612.71,2892.3,1160.59,106.03,1857.14,205.25,0.78,0.21,0.95,63.89,0,0,0.01,0.01,15.61,39.26,22.66,0,0.01,0,0.01,0.01,0.01,0,0.01,0.01,256.22,324.92,0.01,0.01
"68",32.45,583.77,46894.1,1150.89,6.96,46822.12,15460.87,4006.01,130.15,101.07,14595.33,2512.16,40.51,0.09,0.09,17.66,226.17,0.27,0.64,0.11,0.01,0,0,0.01,0.01,0,5.49,0.01,0,0.01,7.64,0.01,0.01,0.01,0,0.01,0.01,0,0,0.01,0.01
"69",139.17,111.49,38887.99,68.01,3.89,946.7,520.43,556.1,354481.33,9079.32,867.89,223.09,4.83,95973.13,42092.35,0.05,184.76,54.75,19.82,0.54,9.13,20.29,67.45,0.01,186.54,15.76,0.01,0.01,687.78,114.88,614.37,153.24,0.01,18.39,91.35,0.01,12.89,37.22,97.99,0.01,17.27
"70",96.5,18.46,338.88,0.19,0.28,39.89,13.48,101.08,2718.01,5808.16,32.02,12.82,9.76,665.65,31808.45,0.01,656.54,13.05,0.84,0.77,0.01,7.91,0,0.01,0.01,0,13.38,0.01,0,0.01,338.52,97.6,0.01,0.01,0,0.01,0.01,6.17,0,0.01,17.62
"71",810.66,23453.27,958487.35,44677.04,15.8,1184209.03,499939.98,166490.66,365425.28,4898.66,662905.24,298627.8,5804.58,121906.06,42532.66,908.61,555.82,647.81,373.43,34.81,181.32,3422.54,2245.19,21.34,0.01,284.14,247.57,28.55,0,8.6,0,0.01,11.21,185.07,616.33,0.01,16.2,464.49,633.23,28.38,213.71
"72",296.49,8715.4,356372.37,4777.09,9.22,61414.73,139172.89,50083.39,566515.64,6778.44,16424,8710.64,2116.07,197496.99,67504.93,209.69,0.06,19.16,4.96,0.18,9.66,218.9,250.11,13.53,17.2,78.04,28.79,0.01,51.35,0.01,17.93,0.01,0.01,0.01,0,0.01,0.01,144.25,147.21,0.01,12.01
"73",384.17,12005.28,221218.98,3951.59,6.66,77153.7,124405.47,41428.17,758033.96,11741.84,37424.31,12264.6,2237.23,271549.96,110928.11,274.49,1144.26,647.83,295.35,97.4,52,121.81,317.42,0.01,0.01,212.82,59.69,0.01,0,6.6,0,5.04,0.01,334.87,544.79,0.01,56.14,246.14,303.68,70.19,207.93
"74",461.21,11258.04,312238.54,4377.26,8.61,78225.14,121676.28,43660.92,721318.81,16236.9,12456.36,10664.66,2105.41,241880.54,108933.04,203.51,0.03,901.6,386.68,156.65,85.72,557.49,990.2,49.3,27.21,303.12,80.41,26.61,600.83,155.6,420.44,114.56,30.58,600.73,1752.51,38.3,91.17,561.29,472.78,55.5,279.8
"75",307.59,10764.2,509340.86,22082.05,40.11,657452.17,327801.77,180840.31,42707.28,785.47,702272.84,332687.57,6084.9,30056.81,15944.15,275.69,0.04,0.09,0.2,0.92,86.41,255.89,34.93,332.6,9.58,294.55,13.84,45.5,0,0.01,0,0.01,0.01,0.01,0,0.01,0.01,388.15,324.45,0.01,0.01
"76",255.48,5555.32,341906.25,808.34,33.64,28564.52,114568.33,103378.75,262941.8,2908.87,3004.2,5239.76,1890.01,103137.25,61627.49,14.46,10445.78,291.36,6.29,0.73,69.92,78.9,169.4,277.83,86.01,278.15,13.63,15.04,319.22,7.37,123.57,5.34,0.01,104.74,180.91,11.21,0.01,368.87,269.89,0.01,79.78
"77",0.06,8.93,438.68,41.96,14.88,702.37,209.03,199.9,16319.53,792.02,546.38,462.53,5.51,3671.77,16790.06,0.09,968.26,0.72,0.85,0.75,0.01,0,0,0.01,31.02,0,5.74,0.01,77.63,0.01,291.8,0.01,0.01,0.01,0,0.01,0.01,0,0,0.01,0.01
"78",0.1,31.2,1913.83,110.39,11.31,3854.57,1185.54,401.01,1059.56,44.01,5141.68,1122.08,7.54,241.18,2207.64,4.14,255.57,0.54,0.23,0.65,0.01,0,0,0.01,0.01,0,0.01,0.01,0,0.01,9.92,0.01,0.01,0.01,0,0.01,0.01,0,0,0.01,0.01
"79",288.35,4707.15,297055.24,57.33,0.35,1897.28,91503.75,60901.88,182720.39,1353.73,974.92,521.95,2203.56,40488.76,29647.71,3.05,24.23,616.95,243.74,0.66,66.57,1293.12,959.64,238.01,0.01,465.7,0.01,21.32,18.85,6.58,0,16.21,32.31,237.42,1010.33,9.2,56.55,379.22,315.53,0.01,190.64
"80",459.59,72.23,277435.75,250.36,10.05,3955.92,1299.45,14769.5,459617.21,3090.91,1451.9,744.72,110.55,100940.41,59681.71,3.95,4992.58,807.81,209.14,0.19,76.87,1079.19,680.83,243.92,88.59,444.43,29.05,72.71,428.23,61.03,268.26,61.05,24,149.77,290.3,27.69,7.56,526.96,720.37,0.01,135.94
"81",536.7,6666.64,384475.67,273.97,8.42,6976.12,43795.75,96350.8,977754.57,8946.27,8301.83,3211.76,3669.69,347274.25,217097.94,22.1,1374.06,232,141.52,0.44,26.27,2874.67,1018.12,150.84,50.51,216.93,13.03,14.66,228.09,18.69,178.15,12.43,0.01,253.35,146.92,47.79,18.62,328.56,243.03,8.56,106.96
"82",200.67,1788.74,115904.76,309.25,9.93,13713.22,22828.75,34157.03,1375560.14,14541.19,17103.9,6195.07,2419.98,531983.92,365398.99,30.49,1729.56,769.75,335.34,26.24,174.86,1848.3,369.1,322.89,281.16,431.48,27.63,0.01,1317.3,212.5,873.14,119.73,73.73,866.27,1206.38,119.91,123.11,561.22,418.64,23.1,375.53
"83",120.59,2119.08,168252.55,1207.89,15.49,55542.62,43466.87,30260.26,57639.37,467.15,4831.42,3384.24,47.23,13461.87,5516.01,9.73,0.1,25.37,0.89,0.17,8.88,135.51,34.66,15.41,0.01,32.08,0.01,20.56,7.97,8.04,29.57,0.01,0.01,0.01,0,0.01,0.01,86.41,137.91,31.64,0.01
"84",277.57,2260.79,171706.19,2505.67,2.74,59558.03,40556.14,38397.37,72628.27,997.26,11276.37,7203.56,234.97,17789.14,11348.34,42.73,800.9,9.12,0.14,0.06,5.74,9.22,0,51.85,10.08,80.76,18.45,0.01,24.15,0.01,0,5.02,0.01,0.01,0,0.01,0.01,34.49,34.65,0.01,0.01
"85",92.96,3.68,491.17,0.02,9.61,12.78,35.66,33.22,7675.93,579.4,1.93,6.56,0.02,1005.94,4137.95,0.29,408.11,53.47,0.75,0.86,0.01,5.44,0,7.6,61.27,48.78,5.74,0.01,380.71,111.33,191.97,31.08,4.99,0.01,0,0.01,0.01,29.04,0,0.01,8.59
"86",18.79,168.47,20803.54,106.12,19.54,2706.67,5208.33,4923.21,472121.9,5647.28,8358.96,2000.37,383.59,298429.62,127023.41,33.62,1139.35,202.37,148.04,0.01,90.03,283.97,21.65,202.86,422.5,155.26,7.12,0.01,745.53,59.57,340.74,6.7,0.01,696.33,719.06,57.32,87.19,344.27,213.84,0.01,131.71
"87",513.35,1648.17,560756.6,1283.84,25.59,36755.31,42795.76,107050.97,413595.16,1822.98,2424.7,2296.9,3351.25,80118.16,37014.88,30.49,0.03,206.19,24.99,0.81,74.02,668.88,574,127.26,66.58,283.28,7.75,53.29,315.89,17.88,73.65,0.01,0.01,9.43,20.78,25.11,6.9,426.57,332.57,0.01,38.98
"88",1055.29,340.79,40202.38,150.39,7.93,13217.62,8345.24,9679.14,1565938.68,9914.9,9942.7,3249.9,810.67,385628.41,240666.77,30.32,2046.53,1377.35,707.88,9.66,115.29,447.02,124.14,238.27,291.7,468.27,32.85,105.16,1929.96,362.33,545.37,52.22,64.22,248.99,413.87,419.61,161.75,313.65,248.44,162.29,419.38
"89",22.87,6.14,742.55,0.01,0.47,67.72,202.97,125.39,117.85,51.01,17.43,5.56,6.31,40.33,3850.15,0.03,10878.52,10.07,0.09,0.78,0.01,0,0,0.01,0.01,16.95,6.27,0.01,0,0.01,13.31,0.01,0.01,0.01,0,0.01,0.01,0,0,0.01,0.01
"90",361.5,17670.12,393538.57,6651.67,26.04,182067.83,367750.89,91054.4,606782.22,16839.72,184281.63,52148.39,5788.97,407976.38,93812.46,252.47,871.3,3325.93,1656,663.27,435.59,15942.05,6153.59,559.86,16.97,698.7,360.06,53.33,148.42,58.68,0,9.06,197.96,1027.85,4732.41,9.92,165.01,1140.04,1634.54,184.44,654.64
"91",784.25,52425.53,425630.66,21037.18,99.98,191844.01,463824.85,122437.51,1359647.92,62536.42,247442.2,83857.23,13519.04,1227258.12,321167.11,662.09,1177.22,2934.08,887.9,133.86,387.91,17056.89,5273.62,1393.87,154.88,1905.76,10.14,132.16,225.45,30.67,105.65,14.14,214.39,1683.32,3242.15,70.13,191.45,1751.41,2106.28,178.53,772.48
"92",294.33,11496.38,12487.76,2857.92,38.62,24684.38,11073.85,3371.94,925326.22,38149.12,48839.4,10495.5,1923.73,545068.13,178369.82,231.35,1537.56,5447.52,2705.57,860.29,15.16,364.36,804.74,1177.73,108.86,1686.29,10.41,18.9,119.18,110.34,581.01,525.07,1013.48,5559.81,7932.87,27.71,625.43,1235.36,1138.41,0.01,1552.99
"93",395.32,624.67,8888.38,315.01,7.65,3044.94,5061.22,1988.24,578003.06,27155.18,5536.2,1025.22,62.47,298695.79,81858.04,14.54,1248.11,234.53,177.23,0.79,116.04,63.3,11.25,263.52,340.12,402.58,56.27,0.01,1802.84,301.54,1205.29,171.41,9.62,63.7,34.18,201.51,11.8,231.13,410.4,14.81,200.97
"94",509.35,509.63,189615.5,578,126.34,12593.91,5600.91,27977.27,848938.56,29501.32,15600.45,3439.36,810.54,525175.82,138358.14,156.36,1062.71,657.84,272.41,0.94,92.34,2639.88,277.7,729.31,34.5,1128.02,33.69,64.45,91.42,4.26,29.5,5.17,28.3,472.59,293.71,5.27,47.7,572.56,401.24,42.09,187.42
"95",463.62,1069.16,55408.5,858.56,64.08,17267.74,12595.03,18865.26,1026249.52,36224.08,29152.62,5317.62,2252.53,742333.55,203722.17,110.77,2604.34,1213.57,481.18,13.41,146.72,783.82,228.12,778.09,85.8,1299.33,9.15,73.37,608.9,77.6,325.7,82.68,93.6,521.07,1255.78,60.38,125.81,1056.75,1164.11,94.43,452.97
"96",251.43,846.2,12981.78,735.01,34.22,12134.47,9758.5,3110.2,1029212.45,31626.06,23819.22,3969.12,490.03,602366.9,165672.95,55.51,1570.32,520.01,189.82,0.9,30.73,255.33,109.2,409.97,122.56,428.87,34.52,17.75,1208.54,100.21,556.62,33.56,7.07,228.1,317.22,48.94,12.66,396.38,295.72,8.38,193.92
"97",490.4,1532.77,21313.31,467.97,29.34,5841.56,4569.82,5311.56,567443.96,25799.23,9983.69,2041.07,316.62,304668.26,92442.63,22.59,1400.21,288.27,135.23,10.17,142.59,120.41,113.69,206.62,14.74,483.39,7.24,0.01,417.56,62.99,341.08,63.75,11.99,209.53,264.03,35.35,19.77,324.12,417.43,19.13,155.92
"98",199.89,8835.03,229997.03,22584.07,22.72,417194,148085.04,42359.6,15833.69,85.19,481401.79,83721.26,1229.31,4131.81,1049.92,28.06,5613.24,0.61,0.39,5.13,18.23,0,0,13.19,0.01,36.77,10.92,20.42,0,0.01,0,0.01,0.01,0.01,0,0.01,0.01,146.18,151.74,0.01,0.01
"99",364.99,8682.65,118512.6,1265.17,24.42,13307.12,66242.8,35747.83,702981.04,20115.73,20773.19,5072.4,3570.83,365195.71,110539.22,48.42,385.02,853.23,501.04,98.81,33.98,371.94,205.82,199.88,11.54,459.97,1535.39,36.78,90.2,83.84,157.68,82.37,70.94,345.7,1014.45,21.69,84.53,469.78,515.83,0.01,368.2
"100",994.38,56258.03,743407.7,3630.44,16.32,367994.25,586053.56,110106.65,1091342.78,38149.28,108141.75,32756.71,9928.99,721071.72,269367.18,77.87,1272.07,2866.08,1322.93,513.4,428.57,437.47,740.52,568.9,111.18,1070.84,167.81,161.39,240.42,40.84,29.66,16.04,268.17,2128.87,1605.13,105.87,324.25,1573.5,1558.98,159.06,1039.38
"102",450.16,10479.16,461444.1,3556.57,53.11,149044.13,202481.72,104495.47,676420.07,18687.97,67085.52,23278.71,4952.87,525724.22,125369.33,135.17,708.58,1148.71,317.51,5.53,125.69,5925.08,2132.23,631.69,48.6,724.17,47.9,80.93,177.23,0.01,51.67,0.01,4.81,221.63,294.61,0.01,43.87,701.65,573.31,165.9,390.43
"103",612.33,13720.28,566656.69,10123.28,99.82,214771.35,335256.11,136575.6,1125486.22,32777.15,312756.6,45079.5,6922.19,865997.48,241237.88,205.5,665.51,2259.16,568.42,79.79,192.53,716.17,641.65,564.87,28.23,633.12,63.86,61.77,93.95,0.01,14.15,0.01,71.01,615.8,650.69,6.6,115.65,914.97,812.97,166.77,671.32
"104",636.93,10576.3,209574.45,896.06,50.13,10104.98,49377.49,47846.42,877175.12,28756.93,21981.89,3935.76,2826.38,590632.2,166913.48,55.64,1421.07,2430.97,696.89,127.9,266.2,251.69,945.33,287.51,63.1,676.32,17.99,39.45,734.38,89.69,510.81,104.58,220.4,918.56,1749.55,12.05,48.5,730.24,712.72,24.43,721.16
"105",168.95,2138.94,40841.21,607.67,17.35,7250.98,10573.45,5819.83,96020.53,4724.64,642.05,581.25,89.87,34647.04,18042.8,5.99,526.69,32.03,0.56,4.8,8.21,0,0,10.26,0.01,84.56,6.94,0.01,0,0.01,0,0.01,0.01,0.01,0,0.01,0.01,22.88,77.02,0.01,10.48
"106",71.33,0,375.35,82.9,3.46,925.08,7.02,17.1,24669.55,390.15,52.44,40.98,0.01,912.87,1153.42,0.01,0.09,43.43,0.41,0.03,0.01,0,0,0.01,0.01,26.22,222.61,0.01,0,0.01,0,0.01,0.01,0.01,20.17,0.01,0.01,0,29.88,0.01,0.01
"107",0.22,6.49,49.03,2.78,0.01,71.09,7.1,4.03,33578.04,921.66,10.65,22.99,3.66,3557.02,5673.15,0.02,0.08,0.03,0.05,0.12,0.01,0,0,0.01,0.01,8.96,3893.91,0.01,0,0.01,6.13,0.01,0.01,0.01,0,0.01,0.01,0,0,0.01,0.01
"108",154.16,22.91,8831.51,51.67,0.11,1406.86,161.7,1760.03,253729.53,4229.22,602.65,323.68,4.83,52051.81,43482.15,0.49,0.02,900.28,899.62,195.17,217.46,122.4,390.8,37.64,76.03,264.04,3415.41,0.01,60.51,0.01,92.24,6.9,30.25,259.81,596.89,9.37,13.54,425.88,1647.75,154.36,116.02
"109",2.94,65.05,4789.9,94.43,0.01,4732.94,1439.42,1009.52,75.23,23.8,963.06,395.74,6.8,18.11,1.31,0,263.57,0.03,0.5,0.39,0.01,0,0,0.01,0.01,0,61.05,0.01,0,0.01,0,0.01,0.01,0.01,0,0.01,0.01,0,0,0.01,0.01
"110",136.62,1564.1,68811.63,1000.61,3,54900.88,23099.48,11620.85,185.32,154.51,10658.01,2818.31,405.48,2089.48,10.93,4.22,0.07,0.26,0.95,0.73,0.01,0,0,0.01,0.01,0,385.66,0.01,0,0.01,0,0.01,0.01,0.01,0,0.01,0.01,0,25.54,0.01,0.01
"111",1050.53,4468.44,544048.74,332.04,1.68,49562.83,70672.85,96850.22,559840.91,8716.4,3874.49,2608.55,2656.8,104209.79,57309.62,8.61,446.9,289.75,127.74,36.41,297.98,415.18,265.18,78.49,45.68,245.65,15.66,0.01,30.38,0.01,0,0.01,0.01,7.82,70.51,6.23,0.01,421.1,1277.2,0.01,86.65
"112",166.25,1694.97,84795.62,761.98,3.11,46197.6,25196.55,13664.33,3317.1,93.39,6889.3,2304.17,158,1218.67,1145.42,1.21,2344.09,0.4,0.61,0.85,0.01,0,0,0.01,0.01,0,1.97,0.01,0,0.01,0,0.01,0.01,0.01,0,0.01,0.01,0,46.09,0.01,0.01
"113",835.88,7416.57,569665.46,2508.04,3.2,278950.67,128503.96,75731.15,350.79,90.39,45706.91,20546.73,1527.55,83.69,12.77,12.37,11405.66,0.8,0.83,0.82,14.23,0,0,0.01,0.01,0,139.19,0.01,0,0.01,0,0.01,0.01,0.01,0,0.01,0.01,13.03,274.01,0.01,0.01
"114",69.45,42.19,2889.28,64.13,0.82,1892.71,192.9,229.39,391251.81,5678.84,561.89,324.03,9.77,41484.83,43506.74,0.1,9032.78,513.71,494.04,417.52,25.5,173.28,63.08,0.01,5.14,46.63,4655.06,0.01,112.75,70.54,22.41,0.01,22.32,62.6,102.95,6.75,0.01,115.79,346,176.35,69.79
"115",431.48,197.77,34595.37,612.25,138.71,1750.79,410.3,3006.1,255450.53,498.06,762.63,570.56,288.21,26987.34,26518.59,47.25,0.01,46.42,6.84,0.59,4.8,0,0,95.63,6.68,128.06,27.76,105.32,0,0.01,6.74,0.01,0.01,0.01,0,0.01,0.01,172.16,218.19,0.01,0.01
"116",0.28,0.03,53.06,39.37,66.19,1809.62,4.62,5.82,741098.03,4184.91,1671.34,1005.92,0.04,193172.13,175334.76,14.83,1265.01,1599.19,946.96,14.02,0.01,266.89,14.56,225.58,47.53,320.32,86.04,27.61,16.06,6.1,209.18,78.42,172.54,803.62,1601.91,8.89,305.67,297.52,427.48,48.31,587.17
"117",2.11,0.05,6162.67,207.18,0.02,12013.29,2868.29,796.52,200440.17,7663.9,12409.92,3070.11,1.27,30189.69,52806.27,3.81,0.05,124.74,251.04,12.77,23.28,0,0,0.01,31.91,7.06,0.01,0.01,8.46,0.01,436.87,178.89,34.9,145.14,174.37,16.16,5,0,0,10.2,51.21
"118",0.61,0.93,279.98,8.73,1.02,558.95,15.33,16.13,154632.41,417.98,35.22,54.99,2.35,3342.1,7527.94,0.04,157.1,505.15,273.94,222.06,5.94,120.05,122.42,0.01,49.94,26.04,20.48,0.01,175.16,214.28,133.77,195.92,110.25,73.28,165.59,0.01,8.12,89.48,0,23.73,36.12
"119",4.48,3.33,713.64,41.73,85.92,4099.03,271.94,249.77,445251.96,749.58,2228.67,1518.71,5.23,45190.84,48704.69,6.32,234.71,292.07,137.05,0.57,40.1,255.24,201.95,267.05,94.89,495.64,12.67,126.83,175.34,0.01,222.2,0.01,0.01,0.01,0,5.11,4.74,319.9,379.75,51.52,45.19
"120",0.33,0.08,0.5,13.09,16.1,62.6,1.3,1.44,503749.92,3159.52,64.64,38.34,0.09,133180.7,151873.64,0.04,506.47,218.56,659.48,22.64,17.55,62.55,0,234.18,110.79,308.67,12.92,23.56,337.92,57.69,948.05,144.21,122.46,580.7,753.25,90.26,249.39,98.56,189.56,211.71,125.57
"121",60.74,230.22,30877.21,1718.72,28.18,36156.72,7099.1,6150.68,778930.44,4507.21,15410.17,6623.58,116.68,157427.88,181529.76,94.45,1157.08,285.04,445.09,11.1,181.14,8.45,112.97,252.97,193.36,705.81,365.57,332.11,740.25,165.34,631.7,134.76,77.19,435.22,1081.9,89.01,158.69,732.87,2387.52,68.53,203.7
"122",0.21,0.05,57.52,0.03,0.05,20.19,6.5,6.25,79304.2,1059.59,14.69,9.29,3.51,9066.63,15473.41,0.22,300.83,210.91,215.35,15.02,31.11,0,0,6.95,158.94,158.39,26.85,0.01,243.24,90.4,840.3,294.12,54.36,22.8,149.73,30.13,12.31,37.52,0,39.72,81.81
"123",404.96,1271.05,392406.57,467.96,239.47,33868.22,111432.47,133369.22,514927.2,1630.29,7812.39,11920.46,2337.54,148175.83,128735.56,80.58,360.13,300.93,143.07,0.16,174.49,2067.06,978.21,115.68,9.25,163.82,510.66,319.67,43.69,0.01,18.78,0.01,0.01,25.92,62.01,0.01,54.9,840.75,974.11,0.01,177.08
"124",408.85,312.25,188404.58,104.27,204.23,9075.47,16442.26,61464.18,806173.7,2181.41,7269.74,4697.18,1784.08,264751.45,217663.8,48.78,673.74,765.11,462.66,0.02,145.77,272.05,117.97,241.51,144.25,553.96,304.08,233.19,280.58,58.16,287.68,38.29,6.81,105.43,432.06,0.01,15.53,1003.54,1168.99,193.41,211.59
"125",0.02,0.09,26.56,6.68,9.35,91.26,4.69,3.31,788927.27,4997.55,113.23,33.26,0.03,216408.38,213923.12,0.11,1635.71,2203.73,2281.82,568.31,32.78,1513.69,22.88,106.11,288.7,118.79,0.01,0.01,337.48,91.96,473.62,123.95,183.94,1115.7,1905.33,121.67,513.12,198.43,284.8,210.26,851.32
"126",124.43,71.97,72606.37,109.64,332.48,12838.21,5009.92,30951.61,1036299,4059.91,10145.09,6940.26,989.61,307607.34,279666.9,108.39,642.52,1648.55,903.55,35.44,229.35,2960.76,3116.9,345.82,162.1,577.19,361.67,331.22,279.66,24.7,266.06,19.74,9.48,80.91,271.28,49.2,239.53,1474.54,1736.92,579.53,577.33
"127",344.78,462.69,181175.4,202.97,285.08,14621.76,32391.56,67682.74,994540.9,2910.33,10865.53,6987.92,2124,286706.05,260184.99,121.01,201.86,1114.96,508.18,0.01,219.26,184.21,95.3,388.32,264.23,559.21,460.89,362.83,565.41,132.98,611.27,118.09,53.45,120.77,422.13,97.86,158.5,1287.84,1639.56,385.46,378.91
"128",0.09,7.08,1846.78,25.94,7.79,1359.36,280.74,317.03,539480.84,3367.07,1288.15,704.54,0.03,135451.89,128120.45,2.97,833.82,118.52,568.96,25.8,66.66,0,0,55.37,86.64,155.04,51.02,117.26,245.62,22.3,316.76,14.03,169.32,261.06,454.87,30.7,191.46,261.93,483.35,35.38,31.63
"129",372.69,964.65,253414.13,190.21,140.1,5803.02,60432.3,76377.44,1186755.85,6117.67,4340.74,4961.95,1170.97,349883.11,400452.97,33.62,1730.24,353.4,353.65,45.69,293.23,14.62,173.6,177.57,160.79,427.42,725.71,499.7,357.7,89.92,386.83,136.27,66.16,617.35,1139.21,263.44,90.36,1343.7,1626.63,53.15,253.33
"130",94.46,3972.42,629703.29,341.73,0.08,651038.39,422917.29,712.56,72346.2,334.76,13733.79,11.66,44.25,22291.66,31.83,0.05,0.02,30.79,0.12,0.92,20.08,0,0,507.33,0.01,383.74,30.81,243.59,54.38,0.01,19.41,0.01,0.01,0.01,0,0.01,0.01,183.72,360.72,0.01,0.01
"131",0.59,125.94,4293.61,16.17,0.03,3739.64,854.83,1.44,357773.76,1025.42,1821.85,16.6,0.08,76380.38,137.26,0.08,0.05,425.72,183.45,5.87,0.01,26.62,205.9,42.32,5.99,317.07,22.64,154.83,17.95,17,0,0.01,0.01,0.01,0,0.01,0.01,112.14,588.93,64.83,15.07
"132",187.83,6723.01,300843.88,125.66,7.95,18960.1,236034.2,507.64,848717.16,2456.92,16071.55,9.6,41.82,250759.76,348.28,0.14,54.95,1619.53,2014.69,542.33,76.12,1215.51,26.6,163.79,197.8,842.73,86.06,207.5,268.49,220.85,80.92,112.82,307.39,228.32,1010.44,0.01,54.67,549.5,384.76,307.36,58.55
"133",152.23,7368.16,1064231.46,19663.6,3.42,1326192.34,720165.72,1418.08,308406.65,764.28,1354751.47,2770.03,152.8,150159.54,1848.07,17.66,4279.78,105.08,6.86,0.48,28.94,21.87,195.62,77.31,0.01,282.71,13.71,199.06,23.4,0.01,0,0.01,0.01,0.01,0,0.01,0.01,189.86,223.55,0.01,0.01
"134",127.9,5972.47,748735.56,18654.96,2.02,1053410.76,455761.88,1269.07,287304.73,721.79,1369636.95,1393.27,88.58,158036.86,49.85,0.49,0.06,411.23,57.18,10.38,36.96,26.99,193.37,203.24,10.67,743.76,17.73,192.75,20.71,0.01,0,4.59,11.82,4.6,23.42,6.24,0.01,208.13,260.58,0.01,0.01
"135",146.29,4443.41,350688.95,1296.24,6.23,192918.96,149118.29,319.72,656516.67,2794.77,70004.47,53.33,30.3,205992.07,430.65,0.06,227.7,1817.39,571.08,86.15,10.37,4699.33,6238.94,62.3,7.08,492.29,78.24,109.26,8.18,5.59,0,0.01,74.19,208.64,187.16,0.01,6.18,189.32,333.67,16.77,89.11
"136",63.1,3305.55,375811.79,13897.43,0.37,671884.55,303272.93,497.56,62984.54,274.95,1420595.53,1177.87,51.17,31118.78,91.5,10.93,26.3,5.34,0.26,0.7,16.11,461.88,293.47,79.46,0.01,203.89,24.92,85.12,0,0.01,0,0.01,0.01,0.01,0,0.01,0.01,142.07,184.53,0.01,0.01
"137",14.55,5.07,3531.26,3.75,0.05,3462.28,322.69,0.37,254217.08,319.77,979.53,4.28,0.04,25843.51,27.47,0.27,0.09,255.97,108.79,0.75,0.01,0,26.78,0.01,0.01,59.21,16.19,133.94,10.47,21.08,0,23.92,0.01,0.01,0,10.46,0.01,34.67,271.34,24.23,6.38
"138",75.06,1788.39,42511.15,34.72,8.3,2321.18,10753.33,18.71,264815.62,910.31,1594.84,9.7,0.01,32928.57,58.09,0.07,0.07,25.49,0.8,0.64,7.35,0,0,0.01,0.01,68.43,7.2,63.19,0,0.01,0,6.38,0.01,0.01,0,10.34,0.01,39.96,265.83,0.01,0.01
"139",168.9,4849.79,71002.7,254.48,54.03,17397.26,54286.16,141.16,1215833.29,5416.87,18315.18,40.17,95.82,434477.93,641.79,0.34,0.04,1238.07,580.15,33.54,46.76,4289.29,4278.41,228.28,70.3,1247.9,67.95,159.39,183.28,77.04,15.73,22.81,45.29,201.57,449.95,6.51,32.36,646.22,2047.41,92.83,130.24
"140",34.57,706.67,15577.35,20.88,0.41,820.9,6640.99,10.97,55785.02,284.44,720.61,6.64,3.19,5999.54,0.02,0.03,8940.34,11.45,0.18,0.41,0.01,0,0,0.01,0.01,26.37,37.58,10.79,9.67,14.95,8,0.01,0.01,0.01,0,0.01,0.01,12.18,108.1,0.01,0.01
"141",69.24,1707.2,27936.06,368.21,5.46,14033.52,10993.29,1329.84,340765.44,1472.88,17017.25,2818.74,42.82,140049.24,6332.11,11.03,141.37,271.79,74.3,0.18,0.01,152.51,262.96,73.69,0.01,156.68,61.28,43.16,16.96,5.09,7.29,0.01,0.01,0.01,0,0.01,5.46,156.6,367.68,48.7,0.01
"142",48.74,437.47,10978.43,50.66,12.79,14424.51,2572.89,7.45,743497.85,1574.4,7895.39,12.05,2.81,175398.37,93.02,0.07,6114.15,602.62,219.76,23.44,0.01,826.02,2411.78,108.04,34.87,586.97,30.03,132.77,60.81,37.38,8.21,0.01,0.01,5.23,54.91,0.01,7.96,378.24,1098.08,0.01,27.77
"143",36.06,26.74,734.88,26.51,2.44,601.74,286.99,92.19,156459.16,1030.04,444.4,126.9,22.5,29397.17,2.73,0.29,0.07,280.91,314.77,50.4,0.01,47.62,0,0.01,19.46,121.16,9.42,0.01,139.4,101.24,50.24,202.48,7.6,0.01,6.31,0.01,9.92,57.4,0,72.22,51.5
"144",30.69,55.43,3070.82,127.23,43.33,5157.3,1008.09,393.1,299141.19,3173.95,3890.87,1062.02,3.88,27987.09,28863.65,3.77,561.84,382.65,146.2,0.64,10.7,211.65,181.67,64.7,7,156.27,7.72,7.23,26.03,7.65,61.53,6.56,0.01,13.6,89.01,7.99,13.42,255.67,654.6,49.55,42.08
"145",2.28,62.95,2619.07,436.22,2.74,10646.41,446.16,519.81,865022.6,12990.55,7001.89,4424.35,0.07,197108.44,195390.54,15.46,554.11,2822.32,735.69,42.68,43,1425.78,120.9,187.9,126.53,193.93,10.51,0.01,207.04,68.71,318.75,139.85,46.32,620.83,1889.76,227.8,49,479.12,495.98,99.88,451.99
"146",1750.61,41794.72,1025733.34,316264.27,158.06,3233338.22,638144.5,490746.11,43882.62,3168.71,4516903.17,3595520.33,23590.09,72170.52,39647.98,3678.56,1146.36,113.04,34.18,0.74,1146.2,2847.43,324.37,360.64,44.96,417.7,868.83,352.3,54.39,0.01,0,0.01,0.01,725.04,575.49,53.09,7.49,4378.68,4654.41,0.01,123.77
"147",6.65,174.97,16575.32,1011.8,52.96,29637.76,9727.53,147.83,909620.17,23567.14,44129.96,10935.71,4.02,447668.36,348222.97,51.95,1412.74,2190.94,793.18,60.68,53.85,724.56,102.88,953.97,84.03,794.96,47.34,15.58,176.26,6.53,28.48,0.01,10.28,511.38,307.31,88.32,319.91,1209.39,912.85,991.09,1535.29
"148",0.12,0.03,5.64,69.88,28.55,1398.6,0.75,0.19,286342.17,6966.2,1389.71,699.47,0.02,75918.62,70444.63,6.14,458.97,381.54,124.57,0.7,22.9,84.89,0,471.83,171.27,519.29,61.1,0.01,662.62,67.68,444.79,28.64,0.01,7.66,9.3,23.82,39.99,237.42,462.73,107.72,152.75
"149",3.21,75.92,2442.75,1243.71,202.24,19262.11,1061.63,1008.55,1224122.66,29710.56,39356.43,18377.09,3.78,527233.69,449940.81,170.04,2729.34,504.01,526.19,62.18,216.83,144.82,411.21,354.44,190.25,445.95,113.42,74.97,973.89,101.3,499.38,32.91,31.14,141.29,158.18,100.97,31.55,1677.23,1752.07,232.43,478.26
"150",44.89,388.76,9731.57,855.13,59.09,17819.21,3816.61,3827.68,1161622.24,25402.38,28257.65,14439.1,38.34,439124.99,421910.83,86.39,2571.04,1250.63,388.3,15.9,77.1,736.13,503.9,204.88,26.41,443.75,118.69,14.94,422.86,38.45,301.35,16.24,12.19,320.37,313.56,77.82,160.06,1066.68,1405.86,146.45,778.89
"151",15.21,28.78,1195.3,46.55,26.93,2334.88,136.35,119.66,328446.57,2793.49,877.33,503.36,0.08,31170.13,36101.07,0.35,221.68,741.88,215.7,8.11,0.01,1011.51,884.11,226.51,39.34,310.6,1671.73,13.63,56,0.01,60.86,0.01,7.75,37.5,183.19,9.34,61.72,171.82,342.64,123.42,194.14
"152",13.61,0.09,0.03,0.04,0.04,2.67,0.61,0.04,250.79,367.66,0.01,0.09,1.9,95.44,32140.5,0.09,0.02,25.43,0.53,0.54,0.01,0,0,0.01,0.01,0,70.56,6.79,0,0.01,109.58,64.26,0.01,0.01,0,0.01,0.01,0,0,12.35,0.01
"153",0.26,0.07,87.73,2.43,10.16,114.87,32.24,23.11,42159.22,556.13,60.8,53.72,0.06,5461.54,18793.93,0.14,281.79,67.85,0.68,0.67,0.01,0,0,0.01,0.01,0,71.47,12.43,0,0.01,44.74,0.01,0.01,0.01,0,0.01,0.01,0,0,0.01,0.01
"154",10.88,0.06,1.85,0.01,0.28,99.64,0.89,5.81,106678.65,5499.82,73.54,19.57,5.92,11958.82,30358.73,0.23,204.04,100.1,63.29,6.66,0.01,0,0,0.01,0.01,0,17.39,6.12,0,0.01,328.26,165.57,16.5,19.02,15.24,17.52,0.01,10.68,0,0.01,0.01
"155",180.29,818.67,37288.04,1147.12,288.1,54996.07,14688.92,11480.17,1357104.14,21743.64,47567.24,26126.58,1804.06,590823.02,447217.13,132.23,1590.39,1721.57,688.6,97.96,94.07,3703.05,4103.9,495.18,161,523.7,251.79,99.93,258.97,66.57,245.33,83.14,40.05,200.6,634.09,59.07,192.64,2062.07,1716.9,371.52,602.71
"156",0.1,13.57,12,137.73,3.83,2894.8,2.28,5.23,478549.83,10362.23,3203.56,1712.44,0.06,183688.1,156535.04,16.63,2166.21,445.44,182.81,0.41,0.01,289.39,13.9,44.79,20.75,75.89,7.77,0.01,379.96,12,454.87,63.73,6.68,91.7,189.63,43.6,15.43,191.69,174.21,14.64,95.86
"157",11.52,0.04,12.36,250.21,41.98,3777.91,3.02,2.9,850323.24,23306.94,4865.37,2845.62,0.01,260456.57,282851.51,40.36,2306.93,318.68,219.29,41.85,7.2,106.22,4.17,46.27,213.74,112.27,34.22,0.01,1671.5,399.66,1606.15,265.86,73.8,114.11,135.25,170.3,54.22,308.29,366.91,9.58,155.9
"158",0.33,0,114.15,7.37,5.61,33.5,16.3,27.18,150793.87,6630.89,64.4,24.46,0.03,32647.84,42362.1,0.27,1772.44,86.34,96.51,0.09,7.59,0,0,21.76,142.28,69.96,20.33,0.01,784.29,106.62,1521.53,303,30.55,31.91,29.48,34.95,40.91,47.71,88.69,0.01,43.82
"159",3484.55,5518.12,1375925.01,2299.42,68.76,168713.44,222642.57,177169,795980.59,2194.09,46164.88,47827.76,2766.35,139866.21,74189.2,74,51.28,163.33,121.56,0.59,485.67,48.71,169.01,58.09,0.01,284.41,81.8,157.48,95.76,12.82,0,31.32,6.76,0.01,0,8.63,16.35,946.92,4148.81,0.01,7.16
"160",158.59,93.07,43577.5,65.42,9.84,28174.75,3415.46,3225.11,1411971.95,1551.39,4186.34,2805.48,9.08,105326.76,81969.23,4.6,20201.6,2201.83,1210.58,393.08,0.01,0,12,133.07,0.01,909.41,146.04,6.95,278.73,384.01,432.81,665.98,113.05,23.89,250.75,174.75,111.54,177.94,568.89,0.01,288.02
"161",81.04,37.4,7769.75,22.44,0.12,4746.18,647.43,631.69,728119.6,1721.84,300.55,625.86,1.91,64845.06,57229.81,0.71,98.56,880.3,707.83,8.63,20.25,55.16,54.22,17.35,0.01,298.12,16.6,0.01,17.63,0.01,217.4,226.21,91.26,20.61,166.29,19.6,8.3,79.13,27.85,80.58,49.54
"162",10.03,2.58,1918.43,30.85,0.01,12919.62,119.57,113.03,793774.08,1720.29,1307.21,1031.5,0.05,58165.39,47941.47,0.94,13.01,393.87,708.08,51.19,0.01,80.86,10.97,42.42,42.16,517.29,9.29,0.01,94.4,47.71,167.79,120.39,102.92,84.67,439.2,60.38,27.74,132.42,561.03,51.74,40.42
"163",167.6,23.26,12975.19,10.03,20.5,7667.12,618.26,463.2,635902.7,836.57,763.76,455.56,4.04,32750.23,28287.68,0.63,247.83,940.15,378.48,7.3,20.57,107.75,198.44,72.54,91.68,372.71,13.19,6.44,185.4,98.68,173.99,64.6,25.43,0.01,48.11,7.49,17.85,547.98,2264.29,69.44,30.01
"164",106.61,80.83,18504.25,51.97,5.86,9186.02,2096.05,1653.96,1179286.73,2424.64,2478.92,1276.76,10.63,111751.83,87063.41,3.92,123.81,555.44,327.47,5.39,0.01,140.88,111.21,52.1,63.43,373.1,7,0.01,195.12,64.34,187.66,87.44,52.43,17.77,112.35,33.65,6.89,109.94,578.56,132.8,65.98
"165",702.07,313.28,40985.92,817.12,5.2,43402.49,11339.13,4945.39,1218581.76,2257.26,37417.91,9031.6,77.49,103368.5,85167.99,32.03,336.82,514.95,332.96,10.29,13.93,71.12,40.4,25.26,18.72,346.95,44.74,0.01,108.5,60.83,107.33,113.1,79.47,35.94,310.09,9.33,0.01,149.89,678.15,70.32,84.5
"166",2143.05,28.99,13096.25,0.72,0.83,121.8,139.42,264.5,328136.19,1141.87,20.23,15.8,3.37,10281.49,17440.14,0.06,1023.81,214.06,89.55,0.32,131.03,0,0,0.01,44.35,285.98,38.39,0.01,246.25,174.46,295.31,257.56,8.84,8.28,63.31,0.01,6.15,27.95,523,8.75,21.54
"167",18.65,7.12,2364.96,46.98,48.95,9585.78,165.73,170.64,887238.5,2840.61,2058.9,1286.77,0.01,95430.52,83595.27,3.13,175.66,488.51,150.28,0.19,124.32,54.23,18.97,98.04,481.55,323.68,28.48,42.07,369.4,77.02,354.27,104.56,5.07,0.01,37.31,11.04,16.64,298.99,1935.67,52.83,68.43
"168",545.26,37.88,22009.4,32.59,17.99,9180.43,1306.99,1246.74,805682.09,1381.49,1818.57,1136.57,14.52,68431.4,53220.59,0.99,0.09,2170.66,898.39,19.88,169.51,239.23,66.15,102.11,11.12,600.04,10.06,10.81,35.05,6.43,109.68,133.96,159.88,44.77,269.74,0.01,22.28,295.31,1652.27,194.37,162.74
"169",31.46,24.18,6917.34,3.55,0.12,3914.88,185.01,203.91,419249.72,384.55,253.81,160.98,0.01,9191.26,9538.6,0.04,0.01,1747.56,755.48,82.88,0.01,207.36,328.87,70.93,0.01,473.2,39.67,0.01,83.99,95.87,293.91,709.94,162.2,7.49,139.19,41.68,11.84,270.12,35.26,179.1,33.04
"170",273.96,9.78,4737.46,22.95,0.09,3348.84,176.06,215.42,330124.5,256.56,393.28,302.26,10.06,3011.95,4394.78,0.01,389.76,1526.05,605.64,41.7,11.15,21.72,491.88,0.01,0.01,569.29,10.06,0.01,29.18,64.36,305.34,737.81,183.33,35.06,867.25,0.01,0.01,8.27,243.85,72.1,0.01
"171",30.42,19.14,17369.2,408.04,194.18,25701.69,924.46,1035.9,1447774.89,3807.84,7462.79,5201.89,42.99,233746.84,190350.62,91.11,734.2,187.97,186.65,0.2,451.21,0,54.44,152.1,8.92,318.38,18.64,175.81,16.48,0.01,12.71,11.57,11.72,0.01,0,11.34,70.21,1110.22,4341.61,0.01,7.79
"172",0.54,0.1,10.01,176.09,37.13,13807.91,0.05,0.05,1439071.22,10215.97,9060.67,4375.51,1.7,461279,379515.45,47.32,2112,1205.4,731.71,42.71,692.93,60.23,16.52,157.6,115.84,476,0.01,17.78,306.56,88.13,742.82,367.14,16.9,52.82,308.93,149.76,131.96,612.88,2665.04,171.34,285.72
"173",0.15,0.17,3.98,0.19,12.58,46.21,4.97,0.01,695396.24,9679.91,26.06,6.19,3.38,87793.25,89743.84,0.05,570.98,412.68,197.41,11.61,52.4,8.55,0,0.01,87.49,60.84,22.92,0.01,24.83,10.91,498.48,315.21,0.01,0.01,71.37,131.48,24.99,93.94,481.97,22.46,130.29
"174",3.37,8.13,1011.97,0.01,0,89.47,55.66,84.29,484586.6,6135.77,57.59,15.16,4.54,34116.65,54291.36,0.09,1391.6,272.71,97.4,10.34,145.87,0,0,8.08,90.72,118.98,1.39,7.24,34.42,17.01,333.56,146.73,12.72,13.4,126.9,54.08,0.01,157.05,912.69,28.53,40.32
"175",0.67,134.66,1681.97,333.65,13.98,2514.73,435,4.48,213611.11,33945.05,1844.87,5.53,4.94,152568.55,141.69,0.15,4051.58,1118.72,489.36,215.19,25.27,390.9,70.25,0.01,0.01,937.65,87.08,248.92,122.85,116.3,0,50.19,251.11,80.74,782.69,42.3,27.93,70.87,417.58,23.15,82.9
"176",73.72,2129.42,94129.28,1041.63,0.37,4422.2,6387.01,17.88,842828.74,109417.74,6526.68,33.29,2.29,426392.99,1223.6,0.05,577.06,1383.8,622.85,126.18,355.3,908.02,214.41,132.46,95.47,670.93,22.66,78.38,737.44,235.64,420.14,283.94,91.07,202.59,730.86,15,175.25,292.11,271.07,86.95,314.02
"177",14.83,1038.48,2494.81,0.1,1.58,999.81,1222.16,145.32,258012.8,88261.98,405.41,173.22,8.37,121990.88,1134.4,3.62,6196.24,337.27,432.55,127.33,365.1,0,0,0.01,64.5,238.13,29.89,0.01,362.77,337.39,215.55,317.13,99.19,64.37,0,24.32,51.1,355.45,38.14,10.72,175.78
"178",13.13,118.03,289.4,4.72,0.03,67.76,69.11,0.02,68920.67,30816.29,11.94,3.27,4.18,20835,58.82,0.05,0.01,120.18,173.99,58.61,99.53,0,5.94,0.01,9.66,102.77,9.66,0.01,8.18,113.79,37.96,123.04,61.06,0.01,0,8.05,6.73,170.96,0,12.59,79.59
"179",0.45,231.42,26359.84,467.41,0.12,3525.33,483.88,7.75,84470.27,17929.06,2225.94,3.78,6.94,32095.36,197.9,0.09,156.28,243.19,72.73,0.98,84.44,0,74.24,129.84,36.04,853.1,14.55,107.81,101.23,21.99,12.52,106.54,8.2,0.01,65.74,0.01,0.01,174.92,341.49,0.01,9.46
"180",0.01,1361.54,7944.23,1490.93,0.38,8749.38,3883.96,16.65,536950.58,37672.24,8397.77,27.56,0.03,162905.93,487.24,0.03,282.23,731.73,463.32,76.35,157.28,0,26.09,334.95,136.84,1063.53,21.56,213.64,239.36,78.85,95.98,46.1,21.52,4.99,71.21,58.42,19.24,107.35,139.39,111.29,95.4
"181",11.04,1073.4,8414.41,1513.18,1.3,8054.6,2905.37,37.37,429352.3,39012.27,6796.53,70.6,5.56,152398.45,542.36,0.11,1462.54,515.34,368.94,55.73,217.26,0,24.57,204.8,57.14,923.33,17.25,119.2,147.81,74.07,67.19,125.69,41.88,7.03,174.56,14.51,28.7,56.56,235.28,106.1,37.04
"182",40.99,1631.13,13420.06,1229.85,0.81,2864.47,3903.32,30.95,553298.28,132108.2,7123.09,27.92,0.06,452995.81,1201.49,0,11456.08,656.25,375.99,98.9,263.19,426.48,250.9,160.09,349.04,508.84,76.69,146.95,947.82,204.17,350.67,110.16,51.03,230.21,542.74,131.51,96.49,293.29,306.46,8.49,294.3
"183",3.4,23.35,1652.54,84.52,0.05,2859.84,806.52,752.54,5659.6,713.72,2555.96,1697.46,15.21,1759.36,395.11,0.18,275.65,0.43,0.72,0.06,0.01,0,0,0.01,0.01,0,0.01,0.01,0,0.01,0,0.01,0.01,0.01,0,0.01,0.01,0,54.66,0.01,0.01
"184",10.44,974.1,33939.46,1316.06,1.67,10761.77,2359.76,26.87,647150.64,39164.94,7495.8,36.19,0.01,150258.44,629.43,0.08,6979.95,773.71,269.95,61,88.06,1031.25,152.26,49.22,119.92,202.85,40.58,185.84,448.43,103.08,232.04,60.4,65.2,162.59,307.5,4.71,4.8,181.37,245.84,36.9,56.13
"185",31.55,511.51,4270.38,525.71,1.64,4733.41,736.47,9.17,331540.97,19179.56,1087.46,10.24,4.95,71806.22,236.88,0.18,8931.04,989.41,379.57,48.09,250.42,71.55,41.12,0.01,0.01,373.5,82.38,39.49,320.96,636.93,70.03,981.63,208.38,56.16,769.67,0.01,0.01,15.09,308.81,20.22,10.87
"186",97.25,195616.68,750943.65,838472.26,419.05,1592957.06,1118985.35,5914.92,460.3,0.01,5732156.92,28590.49,546.75,536,305.12,97.75,0.03,0.29,0.17,0.2,170.23,0,0,143.34,6.85,275.18,52.61,372.75,0,0.01,0,0.01,0.01,0.01,0,6.86,0.01,843.22,547.37,0.01,0.01
"187",48.52,14070.72,392077.24,22221.24,23.34,265431.06,166613.25,359.6,578631.11,87350.74,546336.52,1111.67,281.44,420131.76,1469.39,26.35,151.24,1146.18,642.38,189.9,324.18,2803.59,1442,589.69,535.54,1810.3,40.73,409.24,1375.99,191.14,209.39,116,155.94,221.36,556.43,9.02,88.46,1133.09,1104.5,465.56,247.45
"188",71.8,79417.62,596457.81,9389.54,6.48,23292.97,291819.14,1514.48,958025.81,230152.18,30876.01,222.58,138.58,952018.1,3733.5,3.61,0.03,755.58,182.61,26.33,173.7,700.4,214.55,327.43,303.89,701.72,5.63,301.2,672.74,69.14,283.27,9.46,5.78,391.77,745.69,64.85,28.61,867.3,769.18,0.01,398.83
"189",55.84,62852.61,200752.02,287716.48,9.24,661353.74,139056.17,995.3,9158.57,6306.99,1181438.22,4660.36,78.17,15997.86,32.93,16.57,0.02,4.51,0.24,0.26,55.97,0,0,42.26,20.07,525.32,17.55,60.49,0,0.01,0,0.01,0.01,0.01,0,0.01,0.01,143.55,347.66,0.01,0.01
"190",1698.93,18387.71,702598.52,15224.23,15.76,207016.97,311972.12,203834.76,556681.77,5600.28,159923.31,39489.59,11363.32,143273.96,115971.34,182.84,0.1,1847.95,1885.76,347.22,286.36,3655.02,1482.22,375.48,2597.04,591.12,1509.24,1310.26,2438.46,507.96,1205,204.36,246.32,817.54,1128.2,128.58,626.54,827.2,1549.92,136.66,915.35
"191",27.24,304.38,21009.64,161.69,9.85,15880.45,3691.88,2913.74,967920.18,7094.03,5412.59,3483.1,28.13,124205.99,119013.04,11.07,473.42,3215.93,2552.37,301.03,219.1,280.52,33.61,181.04,287.29,341.21,8.48,40.98,469.02,149.1,280.34,142.48,264.62,390.4,356.42,149.07,485.95,149.87,51.77,626.33,622.74
"192",2316.73,6123.89,501271.25,7854.9,43.76,165237.98,84743.6,124740.82,726971.15,8794.94,41200.41,38517.72,2678.26,145400.34,122501.35,204.41,0.05,1704,2076.47,481.63,476.4,107.53,800.86,125.15,143.24,550.8,1242.15,1055.19,278.06,105.04,152.18,103.1,353.91,146.27,604.76,0.01,83.16,1013.51,1554.29,180.92,630.54
"193",2102.4,513.16,341478.43,1400.57,94.94,29394.28,9087.24,84643.7,1308083.31,10679.06,14649.75,10087.47,6123.97,245980.32,204335.66,691.87,1361.69,4655.33,3351.2,635.35,586.67,935.55,638.23,825.92,2920.88,1988.52,545.7,1152.81,2771.22,967.33,2947.85,1419.53,691.48,1030.79,1916.72,475.57,769.59,1065.62,1876.52,77.39,1569.16
"194",810.28,70.45,334227.15,200.15,32.18,4137.22,880.37,17738.23,403602.75,3755.39,2773.57,1163.57,23.53,116031.13,81250.44,9.25,385.85,1549.42,915.99,38.89,171,20.9,25.04,217.01,901.61,288.92,169.69,685.19,1750.35,139.38,1990.25,324.11,567.34,1374.35,3123.85,395.03,171.7,607.03,957.68,95.22,563.63
"195",47.02,114.93,16208.16,58.57,21.73,8477.91,1589.21,1509.75,811523.87,3192.75,1917.51,1194.27,0.08,71234.96,59029.73,1.98,0.08,2614.63,1130.31,46.92,395.2,670.21,233.86,265.51,344.27,547.18,22.94,191.24,852.42,219.38,497.08,103.2,127.83,414.82,1704.41,156.3,159.29,545.74,1225.5,284.07,341.32
"196",337.87,295.41,5351.26,182.79,2.42,5509.43,2167.01,1944.26,713030.16,8981.18,3283.61,2051.17,48.17,135434.23,145815.52,32.6,1577.09,3523.37,2948.87,676.14,69.58,10.4,71.91,146.14,668.73,378.35,28.86,13.83,3596.43,699.29,4375.77,1062.78,1063.84,430.21,512.11,499.66,980.81,204.48,369.38,1214.82,1293.2
"197",0.1,0.03,16.54,0.21,0.04,3.43,1.8,2.83,1436.19,12.44,0.05,0.07,2.66,17.64,19.78,0.06,0.02,0.03,0.04,0.91,0.01,0,0,0.01,0.01,0,0.01,0.01,0,0.01,0,0.01,0.01,0.01,0,0.01,0.01,0,73.74,0.01,0.01
"198",1291.66,182.35,330694.49,1841.23,17.85,69956.1,3235.83,96780.69,592362.85,5307.43,42981.97,45558.15,450.74,158053.21,104406.82,102.72,0.02,4999.11,4065.12,1736.36,281.91,6747.36,3536.36,179.31,16.51,497.71,255.67,944.58,217.39,426.61,452.25,300.75,332.49,2787.68,8997.92,10.96,45.04,1162.26,1834.58,650.95,870.93
"199",2518.52,19693.16,637231.77,724.83,2.78,77188.23,214556.6,122321.78,1040863.27,12148.09,16874.49,12231.94,5088.05,241361.76,239853.22,37.74,803.81,8119.52,3754.95,1159.36,366.35,321.46,779.58,510.43,69.26,909.55,1694.36,1697.73,473.61,257.91,557.21,224.99,923.57,1646.99,2705.61,136.82,242.35,1166.76,2976.75,83.22,2452.24
"200",1010.37,1273.17,439519.32,290.59,26.31,13278.92,56464.01,120785.5,806196.61,10694.08,12167.13,4899.3,1225.04,291392.63,190363.78,27.39,899.81,4569.01,4020.4,762.52,354.13,1333.49,2359.56,454.61,61.94,718.03,1096.53,1086.86,104.61,47.85,23.61,0.01,675.43,915.3,630.66,109,1243.67,1017.46,1204.36,101.83,1794.91
"201",752.73,425.79,258112.47,150.77,12.26,6565.74,8497.05,43021.82,478948.55,2849.38,2129.14,960.32,319.75,69264.48,53044.79,18.88,0.04,1302.61,1013.53,110.91,225.24,1162.37,588.04,349.02,7.07,545.5,374.67,730.74,25.18,6.54,16.24,0.01,160.66,619.68,688.98,52.64,225.23,617.84,816.53,0.01,288.17
"202",910.93,473.07,222245.07,547.63,20.18,23391.09,8903.27,9399.32,1127637.97,16803.1,22460.17,10195.93,37.13,425023.22,305995.22,27.27,1291.3,10983.36,8456.02,1298.43,684.97,872.12,2536.39,916.79,159.23,1370.84,220.88,1401.23,457.65,135.72,201.39,110.11,1415.17,2073.6,2740.98,370.57,2613.45,1750.6,3463.79,3107.86,4185.66
"203",523.98,366.58,13252.45,340.3,9.76,11970.41,4556.28,4248.2,1005729.11,12236.77,12744.1,5951.64,27.9,306765.66,232060.31,39.08,1944.82,3167.03,3268.62,421.96,0.01,17.72,180.46,387.02,108.78,508.88,11.87,11.9,471.01,104.17,436.74,222.2,427.9,426.35,386.57,198.94,801.31,410.73,521.29,277.78,1489.46
"204",6.36,0.03,614.69,0.15,5.44,524.99,151.49,50.88,33.82,0.1,67.45,17.54,0.08,83.56,0.1,0.08,15145.76,0.96,0.76,8.72,10.56,0,0,0.01,0.01,0,0.01,0.01,0,0.01,0,0.01,0.01,0.01,0,0.01,0.01,0,0,0.01,8.11
"205",137.54,648.99,44583.78,184.21,7.01,33272.02,7015.99,4989.52,1586576.33,4026.8,17865.11,5823.14,191.53,312433.2,178492.32,18.41,301.55,3280.05,2095.29,940.33,0.01,7366.25,4917.56,210,11.92,502.48,65.05,123.82,57.56,93.44,64.71,54.25,289.77,656.61,1965.74,13.25,27.17,669.58,500.75,263.41,814.74
"206",92.89,278.5,43195.56,95.13,6.09,8788.78,3835.77,1137.81,782861.42,2371.76,4347.57,1499.51,88.57,119782.94,63647.85,16.34,0.08,1405.14,1501.37,557.34,8.41,413.84,1035.4,99.72,43.03,287.9,12.78,37.07,222.19,97.02,206.2,49.97,407.89,287.52,760.45,25.22,168.31,249.93,530.57,220.63,272.84
"207",121.51,319.85,25385.04,87.05,56.55,5071.18,2697.89,1044.43,560967.76,1476.88,2576.25,856.49,198.91,65283.45,37706.5,14.98,3194.67,229.06,126.42,7.3,0.01,945.06,1259.29,7.54,0.01,71.33,16.7,26.43,9.75,0.01,0,8.18,0.01,8.57,89.78,9.26,0.01,243.11,674.01,0.01,9.6
"208",693.33,4150.72,893226.19,14442.08,0.06,1758266.48,382476.98,152507.58,163611.91,366.19,1254540.17,499912.76,4823.23,59155.38,19374.5,153.58,0.03,202.14,0.58,0.59,205.28,1492.99,707.29,104.99,0.01,169.36,288.11,247.17,29.91,0.01,0,0.01,0.01,13.72,113.93,5.73,0.01,439.2,683.25,0.01,16.01
"209",712.95,3057.6,731635.13,12505.57,0.37,1557051.31,297324.41,102165.5,284252.99,1125.71,895505.49,359887.27,3924.53,130672.41,49475.71,326.94,0.1,448.12,84.97,0.01,185.75,1774.74,750.58,207.68,19.03,446.63,169.93,209.93,86.13,0.01,15.08,0.01,0.01,175.11,279.21,10.7,7.25,413.24,559.96,69.08,132.23
"210",7.8,55.84,11029.4,91.75,60.13,12490.23,1818.57,1024.79,1086748.36,2991.47,7249.14,2361.86,224.32,183332.14,98084.99,44.78,1002.36,822.64,2653.98,99,157.02,2463.62,3877.56,101.8,0.01,370.14,160.15,162.92,48.71,9.96,12.04,35.82,733.05,69.28,172.39,0.01,329.68,422.94,921.12,1437.22,198.62
"211",214.15,1766.06,11098.2,7511.9,28.37,39209.13,1769.39,1055.17,2228.62,19.54,10647.21,4659.28,47.67,505.58,341.68,212.77,12402.34,14.64,0.8,0.01,0.01,0,0,0.01,0.01,144.81,22.74,20.03,0,0.01,0,0.01,0.01,0.01,0,0.01,0.01,0,12.77,0.01,0.01
"212",1089.92,4254.31,1020583.83,20063.82,44.64,2052559.55,414203.53,192071.47,10197.33,0.06,1248376.08,567345,7138.68,2200.93,975.07,411.1,5.43,8.56,0.71,0.51,205.61,0,5.98,152.14,0.01,481.11,372.75,333.96,0,0.01,0,0.01,0.01,0.01,0,0.01,0.01,456.99,813.99,0.01,0.01
"213",2026.75,8926.75,1387079.41,36127.94,138.17,3388110.55,660316.3,330032.6,262132.53,337.31,2093242.91,1076968.43,15647.28,66873.24,36444.44,641.39,233.81,158.98,58.04,12.96,459.49,298.68,1557.9,223.08,69.68,923.78,548.93,446.32,212.1,6.64,13.24,0.01,10.15,0.01,212.91,10.19,7.34,845.5,1676.25,0.01,8.36
"214",1008.36,2646.42,31040.74,4435.55,51.94,22428.08,10267.22,47210.68,100525.98,2451.22,29470.49,25434.51,3684.76,21615.21,12871.37,243.56,502.9,2852.22,2804.28,1294.82,110.61,259.43,1450.25,182.17,20.14,567.6,201.39,174.26,314.11,263.67,109.64,51.84,528.9,281.09,1202.07,12.25,466.76,651.21,1008.19,510.12,646.95
"215",0.02,0,27.12,58.05,1.01,224.48,8.99,2.54,2329.2,677.6,78.32,25.82,0.04,461.35,1234.08,0.94,0.05,0.32,0.42,0.08,0.01,0,0,0.01,0.01,0,16.03,0.01,0,0.01,0,0.01,0.01,0.01,0,0.01,0.01,0,0,0.01,0.01
"216",54.8,113.86,16518.61,75.79,26.59,11969.27,3088.16,1929.71,1257661.66,2323.55,8932.51,2463.35,256.84,280817.73,118775.93,23.52,1220.99,262.78,480.54,0.39,8.8,192.56,156.7,92.96,123.54,281.77,13.23,8.18,552.96,108.46,282.27,49.51,5.02,4.83,0,14.56,24,173.11,433.14,507.44,39.42
"217",883.43,1942.86,484894.4,11855.09,0.01,1326305.63,115154.01,68488.11,17993.63,108.7,423987.63,173310.6,1224.34,1896.69,1111.26,102.98,18263.72,7.1,0.23,0.32,80.01,0,5.41,43.86,0.01,339.31,134.81,179.47,0,0.01,0,0.01,0.01,0.01,0,0.01,0.01,140.92,454.95,0.01,0.01
"218",224.55,0.04,722.66,0.02,0.08,82.2,44.37,76.95,60335.48,1217.54,22.83,11.33,0.01,2657.83,10244.51,0.22,68.94,155.41,148.86,0.12,0.01,0,0,0.01,55.45,144.31,7.42,0.01,407.67,264.45,307.51,252.16,42.8,9.56,11.08,0.01,0.01,27.58,10.37,38.82,41.33
